
INSERT INTO `cotizaciones` (`id`, `origen_id`, `cliente_id`, `vendedor_id`, `fecha`, `estado_cotizacion_id`, `observaciones`, `total`, `created_at`, `updated_at`) VALUES
(1, NULL, 15, 1, '2025-05-15', 1, NULL, 18130.00, '2025-05-15 22:54:36', '2025-05-15 22:54:36'),
(2, NULL, 15, 1, '2025-05-15', 1, NULL, 47039.00, '2025-05-15 22:56:00', '2025-05-15 22:56:00'),
(3, NULL, 15, 1, '2025-05-15', 1, NULL, 124823.00, '2025-05-15 23:01:48', '2025-05-15 23:01:48'),
(4, NULL, 15, 1, '2025-05-15', 1, NULL, 546422.00, '2025-05-16 00:40:44', '2025-05-16 00:40:44'),
(5, NULL, 616, 1, '2025-05-15', 1, NULL, 148059.00, '2025-05-16 01:41:09', '2025-05-16 01:41:09'),
(6, NULL, 616, 1, '2025-05-15', 1, NULL, 131071.00, '2025-05-16 01:43:02', '2025-05-16 01:43:02'),
(7, NULL, 616, 1, '2025-05-15', 1, NULL, 131071.00, '2025-05-16 02:55:33', '2025-05-16 02:55:33'),
(8, NULL, 14, 1, '2025-05-19', 1, NULL, 244107.00, '2025-05-20 01:25:33', '2025-05-20 01:25:33'),
(9, NULL, 16, 1, '2025-05-19', 1, NULL, 27242.00, '2025-05-20 01:34:33', '2025-05-20 01:34:33'),
(10, NULL, 19, 1, '2025-05-19', 1, NULL, 1903379.00, '2025-05-20 02:26:36', '2025-05-24 01:23:33'),
(11, NULL, 23, 1, '2025-05-20', NULL, NULL, 1266934.00, '2025-05-21 02:41:36', '2025-05-21 02:41:36'),
(12, NULL, 18, 1, '2025-05-20', NULL, NULL, 23422.00, '2025-05-21 02:52:42', '2025-05-21 02:52:42'),
(13, NULL, 17, 1, '2025-05-20', 2, NULL, 525757.00, '2025-05-21 02:53:38', '2025-05-21 03:19:23'),
(15, NULL, 15, 1, '2025-05-27', 1, NULL, 194100.00, '2025-05-28 01:25:08', '2025-05-28 01:25:08'),
(16, NULL, 18, 1, '2025-05-31', 1, NULL, 400082.00, '2025-05-31 20:16:15', '2025-05-31 20:16:15'),
(17, NULL, 20, 1, '2025-05-31', 1, NULL, 44240.00, '2025-05-31 20:30:30', '2025-05-31 20:30:30'),
(18, 17, 20, 1, '2025-05-31', 1, NULL, 44240.00, '2025-05-31 20:33:45', '2025-05-31 20:33:45'),
(19, NULL, 16, 1, '2025-05-31', 1, NULL, 90197.00, '2025-05-31 20:35:39', '2025-05-31 20:35:39'),
(20, NULL, 15, 1, '2025-05-31', 1, NULL, 50968.00, '2025-05-31 20:44:52', '2025-05-31 20:44:52'),
(21, NULL, 17, 1, '2025-06-02', 1, NULL, 64104.00, '2025-06-02 20:18:34', '2025-06-02 20:18:34'),
(22, NULL, 15, 1, '2025-06-02', 1, NULL, 50968.00, '2025-06-02 20:31:15', '2025-06-02 20:31:15'),
(23, NULL, 18, 1, '2025-06-02', 1, NULL, 128208.00, '2025-06-02 21:22:40', '2025-06-02 21:22:40'),
(24, NULL, 21, 1, '2025-06-05', 1, NULL, 1180236.00, '2025-06-06 00:55:28', '2025-06-06 00:55:28'),
(25, NULL, 15, 1, '2025-06-05', 1, NULL, 246339.00, '2025-06-06 01:25:08', '2025-06-06 01:25:08');

INSERT INTO `estados_cotizacion` (`id`, `nombre`, `created_at`, `updated_at`) VALUES
(1, 'Evaluación', '2025-05-20 03:25:53', '2025-05-20 03:25:53'),
(2, 'Aprobada', '2025-05-20 03:25:53', '2025-05-20 03:25:53'),
(3, 'Rechazada', '2025-05-20 03:25:53', '2025-05-20 03:25:53'),
(4, 'Anulada', '2025-05-20 03:25:53', '2025-05-20 03:25:53'),
(5, 'Enviada', '2025-05-20 03:25:53', '2025-05-20 03:25:53');

INSERT INTO `productos` (`id`, `nombre`, `tipo_producto_id`, `created_at`, `updated_at`, `largo_total`, `peso_por_metro`, `unidad_id`) VALUES
(1, 'prueba', NULL, '2025-03-20 23:13:19', '2025-03-25 17:34:17', 6.00, 4.000, 1),
(5, 'Max', NULL, '2025-03-21 18:23:54', '2025-03-25 22:15:14', 6.00, 1.000, 2),
(6, 'aaaa', NULL, '2025-03-21 18:32:13', '2025-03-21 18:32:13', NULL, NULL, NULL),
(7, 'face', NULL, '2025-03-21 18:39:12', '2025-03-21 18:39:12', NULL, NULL, NULL),
(8, 'Marco Fijo', NULL, '2025-03-21 18:59:54', '2025-03-21 18:59:54', NULL, NULL, NULL),
(9, 'Hoja Fija', NULL, '2025-03-21 19:09:13', '2025-03-21 19:09:13', NULL, NULL, NULL),
(10, 'asdasd', NULL, '2025-03-21 19:15:06', '2025-03-21 21:05:45', NULL, NULL, NULL),
(11, 'Marco Fijo S60', NULL, '2025-03-21 21:12:08', '2025-03-21 21:13:34', 12.00, 0.200, NULL),
(13, 'prueba max', NULL, '2025-03-22 00:29:26', '2025-03-22 00:29:26', 10.00, 2.000, NULL),
(14, 'Pruebb max2', NULL, '2025-03-22 01:13:35', '2025-03-22 01:13:35', 6.00, 1.000, NULL),
(15, 'Prueba Sabado', NULL, '2025-03-22 16:06:37', '2025-03-22 16:06:37', 6.00, 0.400, NULL),
(17, 'sabado 3', NULL, '2025-03-22 16:19:13', '2025-03-22 16:19:13', 6.00, 2.000, NULL),
(18, 'sabado 4', NULL, '2025-03-22 16:22:33', '2025-03-22 16:22:33', 6.00, 1.000, NULL),
(19, 'sabado 5', NULL, '2025-03-22 16:31:29', '2025-03-22 16:31:29', 6.00, 1.000, NULL),
(20, 'ASASD', NULL, '2025-03-22 16:34:08', '2025-03-22 16:34:08', 22.00, 22.000, NULL),
(21, 'juas', NULL, '2025-03-22 16:39:42', '2025-03-22 16:39:42', 67.00, 1.000, NULL),
(22, 'jiji', NULL, '2025-03-22 16:50:00', '2025-03-22 16:50:00', 32.00, 1.000, NULL),
(23, '1qwe', NULL, '2025-03-22 16:51:10', '2025-03-22 16:51:10', 412.00, 12.000, NULL),
(24, 'asdasdasd', NULL, '2025-03-22 16:54:13', '2025-03-22 16:54:13', 2.00, 2.000, NULL),
(25, 'porueba', 5, '2025-03-22 17:13:20', '2025-03-26 22:18:09', 6.00, 2.000, 2),
(28, 'soyseco', NULL, '2025-03-25 00:59:16', '2025-03-25 00:59:49', 8.00, 0.500, 3),
(29, 'Marco fijo 4209', 3, '2025-03-25 23:59:05', '2025-03-26 17:47:24', 6.00, 0.400, 2),
(30, 'Junquillo 4229', 3, '2025-03-25 23:59:22', '2025-03-26 17:15:12', 6.00, 0.100, 2),
(31, 'Cristal Claro 4mm', 1, '2025-03-25 23:59:48', '2025-03-26 18:09:20', NULL, 10.000, 4),
(32, 'Marco Fijo S60', 3, '2025-03-26 17:56:11', '2025-03-27 00:44:47', 6.00, 1.128, 2),
(33, 'Termopanel 4+10+4', 2, '2025-03-26 23:40:00', '2025-03-26 23:40:00', NULL, 20.000, 4),
(34, 'REF. BOX MARCO FIJO', 6, '2025-03-27 00:41:15', '2025-03-27 00:41:15', 5.80, 1.028, 2),
(35, 'JUNQUILLO TERMOPANEL 17-20MM', 3, '2025-03-27 00:46:26', '2025-04-01 00:44:58', 6.00, 0.312, 2),
(36, 'PUENTE DE ACRISTALAR ABATIBLE - M', 4, '2025-04-01 21:43:52', '2025-04-01 21:43:52', NULL, NULL, 1),
(37, 'CALZO AMARILLO 100 x 20 x 4 - M', 4, '2025-04-01 21:44:36', '2025-04-01 21:44:36', NULL, NULL, 1),
(38, 'CALZO CELESTE 100 x 202 x 2 - M', 4, '2025-04-01 21:45:34', '2025-04-01 21:45:34', NULL, NULL, 1),
(39, 'CALZO ROJO 100 x 20 x 3 - M', 4, '2025-04-01 21:46:14', '2025-04-01 21:46:14', NULL, NULL, 1),
(40, 'TORNILLO AUTOPERFORANTE 3,9 x 25', 4, '2025-04-01 21:47:24', '2025-04-01 21:47:24', NULL, NULL, 1),
(41, 'TORNILLO AMO III 7,5 x 100', 4, '2025-04-01 21:48:18', '2025-04-01 21:48:18', NULL, NULL, 1),
(42, 'TAPA TORNILLO AMO III', 4, '2025-04-01 21:49:57', '2025-04-01 21:49:57', NULL, NULL, 1),
(43, 'TAPA DESAGUE', 4, '2025-04-01 21:50:57', '2025-04-01 21:50:57', NULL, NULL, 1),
(44, 'SILICONA NEUTRA FINOTECH FT-225', 4, '2025-04-01 22:10:30', '2025-04-01 22:10:30', NULL, NULL, 1),
(45, 'JUNQUILLO  3-5MM S60', 3, '2025-04-15 02:56:06', '2025-04-15 02:56:06', 6.00, 0.312, 2),
(46, 'MARCO DOBLE RIEL CORREDERA S70', 3, '2025-04-15 19:08:52', '2025-04-15 19:08:52', 6.00, 1.252, 2),
(47, 'REFUERZO MARCO CORREDERA 1,2MM', 6, '2025-04-15 19:12:30', '2025-04-15 19:12:30', 5.80, 0.750, 2),
(48, 'HOJA CORREDERA 80', 3, '2025-04-15 19:15:40', '2025-04-15 19:15:40', 6.00, 1.290, 2),
(49, 'REFUERZO NEW MULTIPLE 1.2 mm', 6, '2025-04-15 19:20:22', '2025-04-15 19:20:22', 5.80, 0.757, 2),
(50, 'TRASLAPO CORREDERA 80', 3, '2025-04-15 19:21:52', '2025-04-15 19:21:52', 6.00, 0.295, 2),
(51, 'RIEL DE ALUMINIO', 3, '2025-04-15 19:24:08', '2025-04-15 19:24:08', 6.00, 0.123, 2),
(52, 'JUNQUILLO 17-20 mm CORREDERA', 3, '2025-04-15 19:30:18', '2025-04-15 19:30:18', 6.00, 0.208, 2),
(53, 'JUNQUILLO 4-5 mm CORREDERA', 3, '2025-04-15 19:31:26', '2025-04-15 19:31:26', 6.00, 0.269, 2),
(54, 'JUNQUILLO 20-22 mm CORREDERA', 3, '2025-04-15 19:33:01', '2025-04-15 19:33:01', 6.00, 0.195, 2),
(55, 'CREMONA CORREDERA E15 210 mm', 4, '2025-04-15 20:15:47', '2025-04-15 20:15:47', NULL, NULL, 1),
(56, 'CREMONA CORREDERA E15 400 mm', 4, '2025-04-15 20:16:04', '2025-04-15 20:16:04', NULL, NULL, 1),
(57, 'CREMONA CORREDERA E15 600 mm', 4, '2025-04-15 20:18:26', '2025-04-15 20:18:26', NULL, NULL, 1),
(58, 'CREMONA CORREDERA E15 800 mm', 4, '2025-04-15 20:18:45', '2025-04-15 20:18:45', NULL, NULL, 1),
(59, 'CREMONA CORREDERA E15 1000 mm', 4, '2025-04-15 20:19:00', '2025-04-15 20:19:00', NULL, NULL, 1),
(60, 'CREMONA CORREDERA E15 1200 mm', 4, '2025-04-15 20:19:16', '2025-04-15 20:19:16', NULL, NULL, 1),
(61, 'CREMONA CORREDERA E15 1400 mm', 4, '2025-04-15 20:19:31', '2025-04-15 20:19:31', NULL, NULL, 1),
(62, 'CREMONA CORREDERA E15 1600 mm', 4, '2025-04-15 20:19:47', '2025-04-15 20:19:47', NULL, NULL, 1),
(63, 'CREMONA CORREDERA E15 1800 mm', 4, '2025-04-15 20:20:03', '2025-04-15 20:20:03', NULL, NULL, 1),
(64, 'CREMONA CORREDERA E15 2000 mm', 4, '2025-04-15 20:20:18', '2025-04-15 20:20:18', NULL, NULL, 1),
(65, 'CARRO CELSUS SLIDING - REGULABLE 60 KG', 4, '2025-04-15 20:24:22', '2025-04-15 20:24:22', NULL, NULL, 1),
(66, 'CARRO CELSUS SLIDING - REGULABLE 120 KG', 4, '2025-04-15 20:24:39', '2025-04-15 20:24:39', NULL, NULL, 1),
(67, 'CARRO CELSUS SLIDING - REGULABLE 230 KG', 4, '2025-04-15 20:24:55', '2025-04-15 20:24:55', NULL, NULL, 1),
(68, 'MANILLA MILANO', 4, '2025-04-15 20:30:57', '2025-04-15 20:30:57', NULL, NULL, 1),
(72, 'HOJA VENTANA EXTERIOR S60', 3, '2025-06-03 02:55:47', '2025-06-03 02:55:47', 6.00, 1.128, 2),
(75, 'HOJA VENTANA EXTERIOR S60', 3, '2025-06-03 03:04:47', '2025-06-03 03:04:47', 6.00, 1.128, 2),
(76, 'HOJA VENTANA EXTERIOR S60', 3, '2025-06-03 03:06:59', '2025-06-03 03:06:59', 6.00, 1.128, 2),
(77, 'CREMONA ABATIR EXTERIOR E25 1000 mm', 4, '2025-06-03 20:51:38', '2025-06-03 20:51:38', 1000.00, 0.000, 1),
(78, 'CREMONA ABATIR EXTERIOR E25 1200 mm', 4, '2025-06-03 20:51:38', '2025-06-03 20:51:38', 1200.00, 0.000, 1),
(79, 'CREMONA ABATIR EXTERIOR E25 1400 mm', 4, '2025-06-03 20:51:38', '2025-06-03 20:51:38', 1400.00, 0.000, 1),
(80, 'CREMONA ABATIR EXTERIOR E25 1600 mm', 4, '2025-06-03 20:51:38', '2025-06-03 20:51:38', 1600.00, 0.000, 1),
(81, 'CREMONA ABATIR EXTERIOR E25 1800 mm', 4, '2025-06-03 20:51:38', '2025-06-03 20:51:38', 1800.00, 0.000, 1),
(82, 'CREMONA ABATIR EXTERIOR E25 2000 mm', 4, '2025-06-03 20:51:38', '2025-06-03 20:51:38', 2000.00, 0.000, 1),
(83, 'CREMONA ABATIR EXTERIOR E25 210 mm', 4, '2025-06-03 20:51:38', '2025-06-03 20:51:38', 210.00, 0.000, 1),
(84, 'CREMONA ABATIR EXTERIOR E25 400 mm', 4, '2025-06-03 20:51:38', '2025-06-03 20:51:38', 400.00, 0.000, 1),
(85, 'CREMONA ABATIR EXTERIOR E25 600 mm', 4, '2025-06-03 20:51:38', '2025-06-03 20:51:38', 600.00, 0.000, 1),
(86, 'CREMONA ABATIR EXTERIOR E25 800 mm', 4, '2025-06-03 20:52:53', '2025-06-03 20:52:53', 800.00, 0.000, 1),
(87, 'BRAZO FERRITICO COTSWOLD 10 - PLG (PR) - FB', 4, '2025-06-04 01:50:52', '2025-06-04 01:50:52', 0.00, 0.000, 1),
(88, 'BRAZO FERRITICO COTSWOLD 12 - PLG (PR-AB) - FB', 4, '2025-06-04 01:50:52', '2025-06-04 01:50:52', 0.00, 0.000, 1),
(89, 'BRAZO FERRITICO COTSWOLD 16 - PLG (PR-AB) - FB', 4, '2025-06-04 01:50:52', '2025-06-04 01:50:52', 0.00, 0.000, 1),
(90, 'BRAZO FERRITICO COTSWOLD 20 - PLG (PR) - FB', 4, '2025-06-04 01:50:52', '2025-06-04 01:50:52', 0.00, 0.000, 1),
(91, 'BRAZO FERRITICO COTSWOLD 24 - PLG (PR) - FB', 4, '2025-06-04 01:50:52', '2025-06-04 01:50:52', 0.00, 0.000, 1),
(92, 'BRAZO FERRITICO COTSWOLD 8 - PLG (PR-AB) - FB', 4, '2025-06-04 01:50:52', '2025-06-04 01:50:52', 0.00, 0.000, 1),
(93, 'MANILLA ESTRECHA', 4, '2025-06-05 19:38:30', '2025-06-05 19:38:30', NULL, NULL, 1),
(94, 'HOJA CORREDERA ANDES 66', 3, '2025-06-06 20:13:36', '2025-06-07 01:30:52', 6.00, 0.912, 2),
(95, 'JUNQUILLO MONOLITICO 5 mm ANDES', 3, '2025-06-06 20:13:36', '2025-06-07 01:31:59', 6.00, 0.169, 2),
(96, 'JUNQUILLO TERMOPANEL 19 mm ANDES', 3, '2025-06-06 20:13:36', '2025-06-07 01:31:45', 6.00, 0.123, 2),
(97, 'MARCO DIVISOR MONORRIEL ANDES', 3, '2025-06-06 20:13:36', '2025-06-06 20:13:36', 6.00, 0.000, 2),
(98, 'MARCO DOBLE RIEL CORREDERA ANDES', 3, '2025-06-06 20:13:36', '2025-06-07 01:31:19', 6.00, 0.888, 2),
(99, 'MARCO MONORRIEL CORREDERA ANDES', 3, '2025-06-06 20:13:36', '2025-06-06 20:13:36', 6.00, 0.000, 2),
(100, 'TAPA MARCO MONORRIEL ANDES', 3, '2025-06-06 20:13:36', '2025-06-06 20:13:36', 6.00, 0.000, 2),
(101, 'TRASLAPO ANDES 66', 3, '2025-06-06 20:13:36', '2025-06-06 20:13:36', 6.00, 0.000, 2),
(103, 'REFUERZO HOJA ANDES 66 1.2mm - TC', 6, '2025-06-06 20:34:33', '2025-06-07 01:33:53', 5.80, 0.479, 2),
(104, 'REFUERZO MARCO CORREDERA ANDES 1.2 mm - TC', 6, '2025-06-06 20:34:33', '2025-06-07 01:34:57', 5.80, 0.586, 2),
(105, 'CREMONA CORREDERA E7.5 1000 mm', 4, '2025-06-06 20:57:44', '2025-06-06 20:57:44', 1.00, 0.000, 1),
(106, 'CREMONA CORREDERA E7.5 1200 mm', 4, '2025-06-06 20:57:44', '2025-06-06 20:57:44', 1.20, 0.000, 1),
(107, 'CREMONA CORREDERA E7.5 1400 mm', 4, '2025-06-06 20:57:44', '2025-06-06 20:57:44', 1.40, 0.000, 1),
(108, 'CREMONA CORREDERA E7.5 1600 mm', 4, '2025-06-06 20:57:44', '2025-06-06 20:57:44', 1.60, 0.000, 1),
(109, 'CREMONA CORREDERA E7.5 1800 mm', 4, '2025-06-06 20:57:44', '2025-06-06 20:57:44', 1.80, 0.000, 1),
(110, 'CREMONA CORREDERA E7.5 2000 mm', 4, '2025-06-06 20:57:44', '2025-06-06 20:57:44', 2.00, 0.000, 1),
(111, 'CREMONA CORREDERA E7.5 400 mm', 4, '2025-06-06 20:57:44', '2025-06-06 20:57:44', 0.40, 0.000, 1),
(112, 'CREMONA CORREDERA E7.5 600 mm', 4, '2025-06-06 20:57:44', '2025-06-06 20:57:44', 0.60, 0.000, 1),
(113, 'CREMONA CORREDERA E7.5 800mm', 4, '2025-06-06 20:57:44', '2025-06-06 20:57:44', 0.80, 0.000, 1),
(114, 'CARRO CELSUS ANDES - FIJO 45 KG', 4, '2025-06-06 21:02:55', '2025-06-06 21:02:55', 0.00, 0.000, 1),
(115, 'CARRO CELSUS ANDES - FIJO 90 KG', 4, '2025-06-06 21:03:30', '2025-06-06 21:03:30', 0.00, 0.000, 1),
(116, 'CREMONA CORREDERA E7.5 1000 mm', 4, '2025-06-09 23:27:06', '2025-06-09 23:27:06', 1.00, 0.000, 1),
(117, 'CREMONA CORREDERA E7.5 1200 mm', 4, '2025-06-09 23:27:06', '2025-06-09 23:27:06', 1.20, 0.000, 1),
(118, 'CREMONA CORREDERA E7.5 1400 mm', 4, '2025-06-09 23:27:06', '2025-06-09 23:27:06', 1.40, 0.000, 1),
(119, 'CREMONA CORREDERA E7.5 1600 mm', 4, '2025-06-09 23:27:06', '2025-06-09 23:27:06', 1.60, 0.000, 1),
(120, 'CREMONA CORREDERA E7.5 1800 mm', 4, '2025-06-09 23:27:06', '2025-06-09 23:27:06', 1.80, 0.000, 1),
(121, 'CREMONA CORREDERA E7.5 2000 mm', 4, '2025-06-09 23:27:06', '2025-06-09 23:27:06', 2.00, 0.000, 1),
(122, 'CREMONA CORREDERA E7.5 400 mm', 4, '2025-06-09 23:27:06', '2025-06-09 23:27:06', 0.40, 0.000, 1),
(123, 'CREMONA CORREDERA E7.5 600 mm', 4, '2025-06-09 23:27:06', '2025-06-09 23:27:06', 0.60, 0.000, 1),
(124, 'CREMONA CORREDERA E7.5 800mm', 4, '2025-06-09 23:27:06', '2025-06-09 23:27:06', 0.80, 0.000, 1);

INSERT INTO `producto_color_proveedor` (`id`, `producto_id`, `proveedor_id`, `color_id`, `codigo_proveedor`, `costo`, `stock`, `created_at`, `updated_at`) VALUES
(3, 22, 2, 1, NULL, 1212.00, 0, '2025-03-22 16:50:00', '2025-03-22 16:50:00'),
(4, 22, 1, 1, NULL, 12312.00, 0, '2025-03-22 16:50:00', '2025-03-22 16:50:00'),
(5, 21, 2, 1, NULL, 2222.00, 0, '2025-03-22 16:50:34', '2025-03-22 16:50:34'),
(6, 21, 1, 1, NULL, 23342.00, 0, '2025-03-22 16:50:34', '2025-03-22 16:50:34'),
(7, 23, 1, 1, NULL, 123.00, 0, '2025-03-22 16:51:10', '2025-03-22 16:51:10'),
(9, 24, 1, 1, NULL, 55555.00, 0, '2025-03-22 16:54:26', '2025-03-22 16:54:26'),
(22, 28, 2, 1, NULL, 5000.00, 0, '2025-03-25 00:59:49', '2025-03-25 00:59:49'),
(25, 1, 1, 1, NULL, 500.00, 0, '2025-03-25 21:53:27', '2025-03-25 21:53:27'),
(26, 1, 1, 2, NULL, 600.00, 0, '2025-03-25 21:53:27', '2025-03-25 21:53:27'),
(27, 1, 2, 2, NULL, 700.00, 0, '2025-03-25 21:53:27', '2025-03-25 21:53:27'),
(28, 1, 2, 2, NULL, 780.00, 0, '2025-03-25 21:53:27', '2025-03-25 21:53:27'),
(29, 5, 1, 2, NULL, 222.00, 0, '2025-03-25 22:15:14', '2025-03-25 22:15:14'),
(37, 30, 1, 1, NULL, 10000.00, 0, '2025-03-26 17:15:12', '2025-03-26 17:15:12'),
(41, 29, 1, 1, NULL, 30000.00, 0, '2025-03-26 17:47:45', '2025-03-26 17:47:45'),
(42, 29, 2, 2, NULL, 28000.00, 0, '2025-03-26 17:47:45', '2025-03-26 17:47:45'),
(46, 31, 1, 3, NULL, 10000.00, 0, '2025-03-26 18:09:20', '2025-03-26 18:09:20'),
(53, 25, 1, 1, NULL, 500.00, 0, '2025-03-26 22:18:09', '2025-03-26 22:18:09'),
(56, 32, 2, 2, NULL, 30000.00, 0, '2025-03-27 00:44:47', '2025-03-27 00:44:47'),
(57, 32, 2, 1, NULL, 18804.00, 0, '2025-03-27 00:44:47', '2025-03-27 00:44:47'),
(62, 35, 2, 1, NULL, 4598.00, 0, '2025-04-01 00:44:58', '2025-04-01 00:44:58'),
(63, 34, 2, 3, 'PL-S60-TC-BMF-12', 11215.00, 0, '2025-04-01 01:06:18', '2025-04-01 01:06:18'),
(64, 33, 1, 3, NULL, 42800.00, 0, '2025-04-01 15:52:28', '2025-04-01 15:52:28'),
(65, 33, 3, 3, NULL, 28000.00, 0, '2025-04-01 15:52:28', '2025-04-01 15:52:28'),
(66, 36, 2, 3, 'HL-ACC-PDA-S60-MA', 124.00, 0, '2025-04-01 21:43:52', '2025-04-01 21:43:52'),
(67, 37, 2, 3, 'HL-ACC-CLZ-4-MA', 66.00, 0, '2025-04-01 21:44:36', '2025-04-01 21:44:36'),
(68, 38, 2, 3, 'HL-ACC-CLZ-2-MA', 43.00, 0, '2025-04-01 21:45:34', '2025-04-01 21:45:34'),
(69, 39, 2, 3, 'HL-ACC-CLZ-3-MA', 48.00, 0, '2025-04-01 21:46:14', '2025-04-01 21:46:14'),
(70, 40, 2, 3, 'HI-TOR-AUT-39-25', 18.00, 0, '2025-04-01 21:47:24', '2025-04-01 21:47:24'),
(71, 41, 2, 3, 'HI-TOR-AMO-75-100', 126.00, 0, '2025-04-01 21:48:18', '2025-04-01 21:48:18'),
(72, 42, 2, 1, 'HI-ACC-TTAMO-BL', 21.00, 0, '2025-04-01 21:49:57', '2025-04-01 21:49:57'),
(73, 43, 2, 1, 'HI-ACC-TDG-BL', 23.00, 0, '2025-04-01 21:50:57', '2025-04-01 21:50:57'),
(74, 44, 1, 1, '301105010', 1600.00, 0, '2025-04-01 22:10:30', '2025-04-01 22:10:30'),
(75, 45, 2, 1, 'PI-S60-J3-5-BL', 6767.00, 0, '2025-04-15 02:56:06', '2025-04-15 02:56:06'),
(76, 46, 2, 1, 'PI-SLD-MDR-BL', 21704.00, 0, '2025-04-15 19:08:52', '2025-04-15 19:08:52'),
(77, 47, 2, 3, 'PL-SLD-TC-MCA-12', 6611.00, 0, '2025-04-15 19:12:30', '2025-04-15 19:12:30'),
(78, 48, 2, 1, 'PI-SLD-H80-BL', 24801.00, 0, '2025-04-15 19:15:40', '2025-04-15 19:15:40'),
(79, 49, 2, 3, 'PL-CMP-TC-MLT-12', 7735.00, 0, '2025-04-15 19:20:22', '2025-04-15 19:20:22'),
(80, 50, 2, 1, 'PI-SLD-T80-BL', 7157.00, 0, '2025-04-15 19:21:52', '2025-04-15 19:21:52'),
(81, 51, 2, 3, 'PI-SLD-RDA-NA', 7235.00, 0, '2025-04-15 19:24:08', '2025-04-15 19:24:08'),
(82, 52, 2, 1, 'PI-SLD-J17-20-BL', 4421.00, 0, '2025-04-15 19:30:18', '2025-04-15 19:30:18'),
(83, 53, 2, 1, 'PI-SLD-J3-5-BL', 6092.00, 0, '2025-04-15 19:31:26', '2025-04-15 19:31:26'),
(84, 54, 2, 1, 'PI-SLD-J20-22-BL', 4146.00, 0, '2025-04-15 19:33:01', '2025-04-15 19:33:01'),
(85, 55, 2, 3, 'HI-CC-E15-210', 1547.00, 0, '2025-04-15 20:15:47', '2025-04-15 20:15:47'),
(86, 56, 2, 3, 'HI-CC-E15-400', 2375.00, 0, '2025-04-15 20:16:04', '2025-04-15 20:16:04'),
(87, 57, 2, 3, 'HI-CC-E15-600', 1961.00, 0, '2025-04-15 20:18:26', '2025-04-15 20:18:26'),
(88, 58, 2, 3, 'HI-CC-E15-800', 3303.00, 0, '2025-04-15 20:18:45', '2025-04-15 20:18:45'),
(89, 59, 2, 3, 'HI-CC-E15-1000', 2684.00, 0, '2025-04-15 20:19:00', '2025-04-15 20:19:00'),
(90, 60, 2, 3, 'HI-CC-E15-1200', 3020.00, 0, '2025-04-15 20:19:16', '2025-04-15 20:19:16'),
(91, 61, 2, 3, 'HI-CC-E15-1400', 3586.00, 0, '2025-04-15 20:19:31', '2025-04-15 20:19:31'),
(92, 62, 2, 3, 'HI-CC-E15-1600', 3947.00, 0, '2025-04-15 20:19:47', '2025-04-15 20:19:47'),
(93, 63, 2, 3, 'HI-CC-E15-1800', 4308.00, 0, '2025-04-15 20:20:03', '2025-04-15 20:20:03'),
(94, 64, 2, 3, 'HI-CC-E15-2000', 5143.00, 0, '2025-04-15 20:20:18', '2025-04-15 20:20:18'),
(95, 65, 2, 3, 'HI-CR-SLD-RG-60-CS', 3622.00, 0, '2025-04-15 20:24:22', '2025-04-15 20:24:22'),
(96, 66, 2, 3, 'HI-CR-SLD-RG-120-CS', 5348.00, 0, '2025-04-15 20:24:39', '2025-04-15 20:24:39'),
(97, 67, 2, 3, 'HI-CR-SLD-AJT-240-CS', 9443.00, 0, '2025-04-15 20:24:55', '2025-04-15 20:24:55'),
(98, 68, 2, 1, 'HI-MLA-MNO-BL', 2172.00, 0, '2025-04-15 20:30:57', '2025-04-15 20:30:57'),
(99, 72, 2, 1, 'PI-S60-HVE-BL', 23821.00, 0, '2025-06-03 03:06:59', '2025-06-03 03:06:59'),
(100, 77, 2, 3, 'HI-CE-E25-1000', 6046.00, 0, '2025-06-04 01:16:53', '2025-06-04 01:16:53'),
(101, 78, 2, 3, 'HI-CE-E25-1200', 5583.00, 0, '2025-06-04 01:16:53', '2025-06-04 01:16:53'),
(102, 79, 2, 3, 'HI-CE-E25-1400', 6508.00, 0, '2025-06-04 01:16:53', '2025-06-04 01:16:53'),
(103, 80, 2, 3, 'HI-CE-E25-1600', 11139.00, 0, '2025-06-04 01:16:53', '2025-06-04 01:16:53'),
(104, 81, 2, 3, 'HI-CE-E25-1800', 12393.00, 0, '2025-06-04 01:16:53', '2025-06-04 01:16:53'),
(105, 82, 2, 3, 'HI-CE-E25-2000', 7905.00, 0, '2025-06-04 01:16:53', '2025-06-04 01:16:53'),
(106, 83, 2, 3, 'HI-CE-E25-210', 3303.00, 0, '2025-06-04 01:16:53', '2025-06-04 01:16:53'),
(107, 84, 2, 3, 'HI-CE-E25-400', 3033.00, 0, '2025-06-04 01:16:53', '2025-06-04 01:16:53'),
(108, 85, 2, 3, 'HI-CE-E25-600', 3525.00, 0, '2025-06-04 01:16:53', '2025-06-04 01:16:53'),
(109, 86, 2, 3, 'HI-CE-E25-800', 4154.00, 0, '2025-06-04 01:16:53', '2025-06-04 01:16:53'),
(110, 87, 2, 3, 'HL-BR-PR-10-FB', 3334.00, 0, '2025-06-04 01:53:22', '2025-06-04 01:53:22'),
(111, 88, 2, 3, 'HL-BR-PRAB-12-FB', 3720.00, 0, '2025-06-04 01:53:22', '2025-06-04 01:53:22'),
(112, 89, 2, 3, 'HL-BR-PRAB-16-FB', 4787.00, 0, '2025-06-04 01:53:22', '2025-06-04 01:53:22'),
(113, 90, 2, 3, 'HL-BR-PR-20-FB', 5534.00, 0, '2025-06-04 01:53:22', '2025-06-04 01:53:22'),
(114, 91, 2, 3, 'HL-BR-PR-24-FB', 6787.00, 0, '2025-06-04 01:53:22', '2025-06-04 01:53:22'),
(115, 92, 2, 3, 'HL-BR-PRAB-8-FB', 3019.00, 0, '2025-06-04 01:53:22', '2025-06-04 01:53:22'),
(116, 87, 2, 3, 'HL-BR-PR-10-FB', 3334.00, 0, '2025-06-05 19:24:30', '2025-06-05 19:24:30'),
(117, 88, 2, 3, 'HL-BR-PRAB-12-FB', 3720.00, 0, '2025-06-05 19:24:30', '2025-06-05 19:24:30'),
(118, 89, 2, 3, 'HL-BR-PRAB-16-FB', 4787.00, 0, '2025-06-05 19:24:30', '2025-06-05 19:24:30'),
(119, 90, 2, 3, 'HL-BR-PR-20-FB', 5534.00, 0, '2025-06-05 19:24:30', '2025-06-05 19:24:30'),
(120, 91, 2, 3, 'HL-BR-PR-24-FB', 6787.00, 0, '2025-06-05 19:24:30', '2025-06-05 19:24:30'),
(121, 92, 2, 3, 'HL-BR-PRAB-8-FB', 3019.00, 0, '2025-06-05 19:24:30', '2025-06-05 19:24:30'),
(122, 93, 2, 1, 'HI-MLA-EST-BL', 4973.00, 0, '2025-06-05 19:38:30', '2025-06-05 19:38:30'),
(123, 93, 2, 4, 'HI-MLA-EST-MR', 5458.00, 0, '2025-06-05 19:38:30', '2025-06-05 19:38:30'),
(124, 93, 2, 2, 'HI-MLA-EST-NE', 5458.00, 0, '2025-06-05 19:38:30', '2025-06-05 19:38:30'),
(125, 87, 2, 3, 'HL-BR-PR-10-FB', 3334.00, 0, '2025-06-06 00:26:09', '2025-06-06 00:26:09'),
(126, 88, 2, 3, 'HL-BR-PRAB-12-FB', 3720.00, 0, '2025-06-06 00:26:09', '2025-06-06 00:26:09'),
(127, 89, 2, 3, 'HL-BR-PRAB-16-FB', 4787.00, 0, '2025-06-06 00:26:09', '2025-06-06 00:26:09'),
(128, 90, 2, 3, 'HL-BR-PR-20-FB', 5534.00, 0, '2025-06-06 00:26:09', '2025-06-06 00:26:09'),
(129, 91, 2, 3, 'HL-BR-PR-24-FB', 6787.00, 0, '2025-06-06 00:26:09', '2025-06-06 00:26:09'),
(130, 92, 2, 3, 'HL-BR-PRAB-8-FB', 3019.00, 0, '2025-06-06 00:26:09', '2025-06-06 00:26:09'),
(131, 87, 2, 3, 'HL-BR-PR-10-FB', 3334.00, 0, '2025-06-06 19:57:38', '2025-06-06 19:57:38'),
(132, 88, 2, 3, 'HL-BR-PRAB-12-FB', 3720.00, 0, '2025-06-06 19:57:38', '2025-06-06 19:57:38'),
(133, 89, 2, 3, 'HL-BR-PRAB-16-FB', 4787.00, 0, '2025-06-06 19:57:38', '2025-06-06 19:57:38'),
(134, 90, 2, 3, 'HL-BR-PR-20-FB', 5534.00, 0, '2025-06-06 19:57:38', '2025-06-06 19:57:38'),
(135, 91, 2, 3, 'HL-BR-PR-24-FB', 6787.00, 0, '2025-06-06 19:57:38', '2025-06-06 19:57:38'),
(136, 92, 2, 3, 'HL-BR-PRAB-8-FB', 3019.00, 0, '2025-06-06 19:57:38', '2025-06-06 19:57:38'),
(140, 97, 2, 1, 'PI-SLA-MDM-BL', 33009.00, 0, '2025-06-06 20:20:01', '2025-06-06 20:20:01'),
(142, 99, 2, 1, 'PI-SLA-MMC-BL', 30310.00, 0, '2025-06-06 20:20:01', '2025-06-06 20:20:01'),
(143, 100, 2, 1, 'PI-SLA-TMM-BL', 8532.00, 0, '2025-06-06 20:20:01', '2025-06-06 20:20:01'),
(144, 101, 2, 1, 'PI-SLA-TA66-BL', 8196.00, 0, '2025-06-06 20:20:01', '2025-06-06 20:20:01'),
(147, 105, 2, 3, 'HI-CC-E75-1000', 5424.00, 0, '2025-06-06 21:00:09', '2025-06-06 21:00:09'),
(148, 106, 2, 3, 'HI-CC-E75-1200', 6041.00, 0, '2025-06-06 21:00:09', '2025-06-06 21:00:09'),
(149, 107, 2, 3, 'HI-CC-E75-1400', 6913.00, 0, '2025-06-06 21:00:09', '2025-06-06 21:00:09'),
(150, 108, 2, 3, 'HI-CC-E75-1600', 4696.00, 0, '2025-06-06 21:00:09', '2025-06-06 21:00:09'),
(151, 109, 2, 3, 'HI-CC-E75-1800', 8178.00, 0, '2025-06-06 21:00:09', '2025-06-06 21:00:09'),
(152, 110, 2, 3, 'HI-CE-E75-2000', 7362.00, 0, '2025-06-06 21:00:09', '2025-06-06 21:00:09'),
(153, 111, 2, 3, 'HI-CC-E75-400', 3385.00, 0, '2025-06-06 21:00:09', '2025-06-06 21:00:09'),
(154, 112, 2, 3, 'HI-CC-E75-600', 3961.00, 0, '2025-06-06 21:00:09', '2025-06-06 21:00:09'),
(155, 113, 2, 3, 'HI-CC-E75-800', 3172.00, 0, '2025-06-06 21:00:09', '2025-06-06 21:00:09'),
(157, 115, 2, 3, 'HI-CR-SLA-FJ-90-CS', 4968.00, 0, '2025-06-06 21:03:30', '2025-06-06 21:03:30'),
(158, 114, 2, 3, 'HI-CR-SLA-FJ-45-CS', 2889.00, 0, '2025-06-06 21:03:51', '2025-06-06 21:03:51'),
(159, 94, 2, 1, 'PI-SLA-A66-BL', 25198.00, 0, '2025-06-07 01:30:52', '2025-06-07 01:30:52'),
(160, 98, 2, 1, 'PI-SLA-MDR-BL', 29112.00, 0, '2025-06-07 01:31:19', '2025-06-07 01:31:19'),
(161, 96, 2, 1, 'PI-SLA-JT19-BL', 4596.00, 0, '2025-06-07 01:31:45', '2025-06-07 01:31:45'),
(162, 95, 2, 1, 'PI-SLA-JM5-BL', 5228.00, 0, '2025-06-07 01:31:59', '2025-06-07 01:31:59'),
(163, 103, 2, 3, 'PL-SLA-TC-H66-12', 8440.00, 0, '2025-06-07 01:33:53', '2025-06-07 01:33:53'),
(164, 104, 2, 3, 'PL-SLA-TC-MCA-12', 5692.00, 0, '2025-06-07 01:34:57', '2025-06-07 01:34:57'),
(165, 105, 2, 3, 'HI-CC-E75-1000', 5424.00, 0, '2025-06-09 19:16:18', '2025-06-09 19:16:18'),
(166, 106, 2, 3, 'HI-CC-E75-1200', 6041.00, 0, '2025-06-09 19:16:18', '2025-06-09 19:16:18'),
(167, 107, 2, 3, 'HI-CC-E75-1400', 6913.00, 0, '2025-06-09 19:16:18', '2025-06-09 19:16:18'),
(168, 108, 2, 3, 'HI-CC-E75-1600', 4696.00, 0, '2025-06-09 19:16:18', '2025-06-09 19:16:18'),
(169, 109, 2, 3, 'HI-CC-E75-1800', 8178.00, 0, '2025-06-09 19:16:18', '2025-06-09 19:16:18'),
(170, 110, 2, 3, 'HI-CE-E75-2000', 7362.00, 0, '2025-06-09 19:16:18', '2025-06-09 19:16:18'),
(171, 111, 2, 3, 'HI-CC-E75-400', 3385.00, 0, '2025-06-09 19:16:18', '2025-06-09 19:16:18'),
(172, 112, 2, 3, 'HI-CC-E75-600', 3961.00, 0, '2025-06-09 19:16:18', '2025-06-09 19:16:18'),
(173, 113, 2, 3, 'HI-CC-E75-800', 3172.00, 0, '2025-06-09 19:16:18', '2025-06-09 19:16:18');

INSERT INTO `proveedors` (`id`, `nombre`, `contacto`, `created_at`, `updated_at`) VALUES
(1, 'Digosa', NULL, '2025-03-20 23:05:39', '2025-03-20 23:05:39'),
(2, 'Winhouse', NULL, '2025-03-20 23:05:47', '2025-03-20 23:05:47'),
(3, 'Vialum', NULL, '2025-04-01 12:51:20', '2025-04-01 12:51:27');


INSERT INTO `sessions` (`id`, `user_id`, `ip_address`, `user_agent`, `payload`, `last_activity`) VALUES
('6fxEcZh5twdcTsI4cSDYpeNupp7Rju8YssEcg2jf', NULL, '127.0.0.1', 'Mozilla/5.0 (Windows NT 10.0; Win64; x64) AppleWebKit/537.36 (KHTML, like Gecko) Chrome/137.0.0.0 Safari/537.36', 'YTozOntzOjY6Il90b2tlbiI7czo0MDoiWVFXSDhyU1dudEV5dm5RVE13YXhBYk5KUzl1dmh0bkRheUVrTXBWNiI7czo5OiJfcHJldmlvdXMiO2E6MTp7czozOiJ1cmwiO3M6NTU6Imh0dHA6Ly9sb2NhbGhvc3Q6ODAwMC9pbXBvcnRhci1wcm9kdWN0by1jb2xvci1wcm92ZWVkb3IiO31zOjY6Il9mbGFzaCI7YToyOntzOjM6Im9sZCI7YTowOnt9czozOiJuZXciO2E6MDp7fX19', 1749137070),
('bKFQfaiosd65p4mV3VJ0tduKuC6RaTztlu815QgV', NULL, '127.0.0.1', 'Mozilla/5.0 (Windows NT 10.0; Win64; x64) AppleWebKit/537.36 (KHTML, like Gecko) Chrome/137.0.0.0 Safari/537.36', 'YTozOntzOjY6Il90b2tlbiI7czo0MDoiYzN3YjlpV0p0QXdsblVjSXVvTGtVTEpvWmpSWVRKZEhqdW82b0lORSI7czo5OiJfcHJldmlvdXMiO2E6MTp7czozOiJ1cmwiO3M6NTU6Imh0dHA6Ly9sb2NhbGhvc3Q6ODAwMC9pbXBvcnRhci1wcm9kdWN0by1jb2xvci1wcm92ZWVkb3IiO31zOjY6Il9mbGFzaCI7YToyOntzOjM6Im9sZCI7YTowOnt9czozOiJuZXciO2E6MDp7fX19', 1749482178),
('CEl3cm4KFg4HgLFHQZPaiGUfJbotojxhR9vK3l0H', NULL, '127.0.0.1', 'Mozilla/5.0 (Windows NT 10.0; Win64; x64) AppleWebKit/537.36 (KHTML, like Gecko) Chrome/137.0.0.0 Safari/537.36', 'YTozOntzOjY6Il90b2tlbiI7czo0MDoiaUc1cjhSZHlCb09VN1dyRFJpaWJwaXZoZzJ6SW5NOFZyM0N0VHE5SyI7czo5OiJfcHJldmlvdXMiO2E6MTp7czozOiJ1cmwiO3M6NTU6Imh0dHA6Ly9sb2NhbGhvc3Q6ODAwMC9pbXBvcnRhci1wcm9kdWN0by1jb2xvci1wcm92ZWVkb3IiO31zOjY6Il9mbGFzaCI7YToyOntzOjM6Im9sZCI7YTowOnt9czozOiJuZXciO2E6MDp7fX19', 1748987602),
('rPfxRf6jldfd1VGsjpjV6PVmf8QtPvD0bAkBfE4Z', NULL, '127.0.0.1', 'Mozilla/5.0 (Windows NT 10.0; Win64; x64) AppleWebKit/537.36 (KHTML, like Gecko) Chrome/137.0.0.0 Safari/537.36', 'YTozOntzOjY6Il90b2tlbiI7czo0MDoiZU1jVHU1bjRIbXA0dE96VkdoUThWRkpLdXBTbzFGdXFNV0cyQVBGaSI7czo5OiJfcHJldmlvdXMiO2E6MTp7czozOiJ1cmwiO3M6NDA6Imh0dHA6Ly9sb2NhbGhvc3Q6ODAwMC9pbXBvcnRhci1wcm9kdWN0b3MiO31zOjY6Il9mbGFzaCI7YToyOntzOjM6Im9sZCI7YTowOnt9czozOiJuZXciO2E6MDp7fX19', 1748969573),
('uLFOfsEr9l6M06B4bHNprZvxh38nyTfzLJ5Xycgs', NULL, '127.0.0.1', 'Mozilla/5.0 (Windows NT 10.0; Win64; x64) AppleWebKit/537.36 (KHTML, like Gecko) Chrome/137.0.0.0 Safari/537.36', 'YTozOntzOjY6Il90b2tlbiI7czo0MDoiTGVTcnJWUlBHckM0OGhNUjlvN2pkS25SbW5Qc0RXNHY5VVZkNlRDYiI7czo5OiJfcHJldmlvdXMiO2E6MTp7czozOiJ1cmwiO3M6NTU6Imh0dHA6Ly9sb2NhbGhvc3Q6ODAwMC9pbXBvcnRhci1wcm9kdWN0by1jb2xvci1wcm92ZWVkb3IiO31zOjY6Il9mbGFzaCI7YToyOntzOjM6Im9sZCI7YTowOnt9czozOiJuZXciO2E6MDp7fX19', 1749229209),
('uOSY0wTeweFzyJtOvDPXwiqO9AjYl0jSlJKhdGAQ', NULL, '127.0.0.1', 'Mozilla/5.0 (Windows NT 10.0; Win64; x64) AppleWebKit/537.36 (KHTML, like Gecko) Chrome/137.0.0.0 Safari/537.36', 'YTozOntzOjY6Il90b2tlbiI7czo0MDoiWEY3VktZYUUxVkdOWGFQMkJ2dGU5SWlYVjRRbDlBUFA1Mm53ZHZNVyI7czo5OiJfcHJldmlvdXMiO2E6MTp7czozOiJ1cmwiO3M6NTU6Imh0dHA6Ly9sb2NhbGhvc3Q6ODAwMC9pbXBvcnRhci1wcm9kdWN0by1jb2xvci1wcm92ZWVkb3IiO31zOjY6Il9mbGFzaCI7YToyOntzOjM6Im9sZCI7YTowOnt9czozOiJuZXciO2E6MDp7fX19', 1749155169),
('XyuOTqfsNPDcM7afWKE3P5C8ylYUu2TsMhGcMzHR', NULL, '127.0.0.1', 'Mozilla/5.0 (Windows NT 10.0; Win64; x64) AppleWebKit/537.36 (KHTML, like Gecko) Chrome/137.0.0.0 Safari/537.36', 'YTozOntzOjY6Il90b2tlbiI7czo0MDoiVGtzNzlHTER5Q1k4S1lGUjFFZHc1OTFTSzZ1VHZvQmloTXpVMERqTyI7czo5OiJfcHJldmlvdXMiO2E6MTp7czozOiJ1cmwiO3M6NDA6Imh0dHA6Ly9sb2NhbGhvc3Q6ODAwMC9pbXBvcnRhci1wcm9kdWN0b3MiO31zOjY6Il9mbGFzaCI7YToyOntzOjM6Im9sZCI7YTowOnt9czozOiJuZXciO2E6MDp7fX19', 1749497226);

INSERT INTO `tipos_material` (`id`, `nombre`, `created_at`, `updated_at`) VALUES
(1, 'Aluminio', '2025-03-25 21:59:53', '2025-03-25 21:59:53'),
(2, 'PVC', '2025-03-25 21:59:53', '2025-03-25 21:59:53');

INSERT INTO `tipos_producto` (`id`, `nombre`, `created_at`, `updated_at`) VALUES
(1, 'Vidrio Monolitico', '2025-03-25 22:08:14', '2025-03-25 22:08:14'),
(2, 'Termopanel', '2025-03-25 22:08:40', '2025-03-25 22:08:40'),
(3, 'Perfil/Tira', '2025-03-25 22:08:40', '2025-03-25 22:08:40'),
(4, 'Herraje', '2025-03-25 22:08:40', '2025-03-25 22:08:40'),
(5, 'Otros', '2025-03-25 22:08:40', '2025-03-25 22:08:40'),
(6, 'Refuerzo', '2025-03-26 21:37:12', '2025-03-26 21:37:12');

INSERT INTO `tipos_ventana` (`id`, `nombre`, `material_id`, `created_at`, `updated_at`) VALUES
(1, 'Ventana Fija Al42', 1, '2025-03-26 20:08:47', '2025-03-26 20:08:47'),
(2, 'Ventana Fija S60', 2, '2025-03-26 21:11:53', '2025-03-26 21:11:53'),
(3, 'Ventana Corredera Sliding 80', 2, '2025-04-15 14:34:20', '2025-04-15 14:34:26'),
(45, 'Proyectante S60', 2, NULL, NULL),
(46, 'Ventana Corredera Andes', 2, NULL, NULL);

INSERT INTO `unidades` (`id`, `nombre`, `requiere_division`, `descripcion`, `created_at`, `updated_at`) VALUES
(1, 'unidad', 0, 'Producto individual, no requiere división', '2025-03-22 17:55:19', '2025-03-22 17:55:19'),
(2, 'barra', 1, 'Producto en barras largas que se divide según largo', '2025-03-22 17:55:19', '2025-03-22 17:55:19'),
(3, 'metro', 0, 'Producto calculado directamente por metro lineal', '2025-03-22 17:55:19', '2025-03-22 17:55:19'),
(4, 'm2', 0, 'metro cuadrado para cristales', '2025-03-26 15:08:20', '2025-03-26 15:08:28');

INSERT INTO `users` (`id`, `name`, `email`, `email_verified_at`, `password`, `remember_token`, `created_at`, `updated_at`) VALUES
(1, 'Test User', 'test@example.com', '2025-03-20 23:03:50', '$2y$12$ogCIhWUuCvvEcrAB9/5lw.cIjQcyLpOyPb/StRwoXnpDVcHFjkF32', 'XwkfYQwoy0', '2025-03-20 23:03:50', '2025-03-20 23:03:50');

INSERT INTO `ventanas` (`id`, `cotizacion_id`, `tipo_ventana_id`, `ancho`, `alto`, `color_id`, `producto_vidrio_proveedor_id`, `costo`, `precio`, `hojas_totales`, `hojas_moviles`, `created_at`, `updated_at`, `cantidad`, `costo_unitario`, `precio_unitario`) VALUES
(1, 1, 2, 500, 500, 1, '33-3', 18130.00, 18130.00, NULL, NULL, '2025-05-15 22:54:36', '2025-05-15 22:54:36', 1, NULL, NULL),
(2, 2, 2, 1000, 1000, 1, '33-3', 47039.00, 47039.00, NULL, NULL, '2025-05-15 22:56:00', '2025-05-15 22:56:00', 1, NULL, NULL),
(3, 3, 2, 1500, 1500, 1, '33-1', 124823.00, 124823.00, NULL, NULL, '2025-05-15 23:01:48', '2025-05-15 23:01:48', 1, NULL, NULL),
(4, 4, 2, 1000, 1000, 1, '33-1', 61839.00, 61839.00, NULL, NULL, '2025-05-16 00:40:44', '2025-05-16 00:40:44', 1, NULL, NULL),
(5, 4, 2, 2000, 2000, 1, '33-1', 207630.00, 207630.00, NULL, NULL, '2025-05-16 00:40:44', '2025-05-16 00:40:44', 1, NULL, NULL),
(6, 4, 3, 2000, 2500, 1, '33-1', 276953.00, 276953.00, NULL, NULL, '2025-05-16 00:40:44', '2025-05-16 00:40:44', 1, NULL, NULL),
(7, 5, 2, 800, 800, 1, '31-1', 23431.00, 23431.00, NULL, NULL, '2025-05-16 01:41:09', '2025-05-16 01:41:09', 1, NULL, NULL),
(8, 5, 3, 2000, 2000, 1, '31-1', 124628.00, 124628.00, NULL, NULL, '2025-05-16 01:41:09', '2025-05-16 01:41:09', 1, NULL, NULL),
(9, 6, 3, 1000, 1000, 1, '33-1', 72089.00, 131071.00, NULL, NULL, '2025-05-16 01:43:02', '2025-05-16 01:43:02', 1, NULL, NULL),
(10, 7, 3, 1000, 1000, 1, '33-1', 72089.00, 131071.00, NULL, NULL, '2025-05-16 02:55:33', '2025-05-16 02:55:33', 1, NULL, NULL),
(11, 8, 2, 600, 600, 1, '65', 29929.00, 54417.00, NULL, NULL, '2025-05-20 01:25:33', '2025-05-20 01:25:33', 1, NULL, NULL),
(12, 8, 3, 1200, 1000, 1, '65', 104329.00, 189690.00, NULL, NULL, '2025-05-20 01:25:33', '2025-05-20 01:25:33', 1, NULL, NULL),
(13, 9, 2, 300, 300, 1, '65', 14983.00, 27242.00, NULL, NULL, '2025-05-20 01:34:33', '2025-05-20 01:34:33', 1, NULL, NULL),
(14, 10, 2, 4000, 4000, 1, '64', 800178.00, 1454870.00, NULL, NULL, '2025-05-20 02:26:36', '2025-05-31 19:12:20', 1, NULL, NULL),
(15, 10, 3, 2000, 2000, 1, '64', 282018.00, 512760.00, 2, 2, '2025-05-20 02:26:36', '2025-05-31 20:27:07', 1, NULL, NULL),
(16, 10, 2, 666, 666, 1, '65', 33974.00, 61771.00, NULL, NULL, '2025-05-20 02:26:36', '2025-05-31 19:13:52', 1, NULL, NULL),
(17, 11, 2, 888, 888, 1, '64', 60873.00, 110679.00, NULL, NULL, '2025-05-21 02:41:36', '2025-05-21 02:41:36', 1, NULL, NULL),
(18, 11, 3, 1000, 10000, 1, '65', 635940.00, 1156255.00, NULL, NULL, '2025-05-21 02:41:36', '2025-05-21 02:41:36', 1, NULL, NULL),
(19, 12, 2, 250, 250, 1, '65', 12882.00, 23422.00, NULL, NULL, '2025-05-21 02:52:42', '2025-05-21 02:52:42', 1, NULL, NULL),
(20, 13, 2, 666, 6666, 1, '64', 289166.00, 525757.00, NULL, NULL, '2025-05-21 02:53:38', '2025-05-21 02:53:38', 1, NULL, NULL),
(23, 15, 2, 1500, 1500, 1, '65', 106755.00, 194100.00, NULL, NULL, '2025-05-28 01:25:08', '2025-05-28 01:25:08', 1, NULL, NULL),
(24, 10, 2, 444, 4000, 1, '64', 158155.00, 247440.00, NULL, NULL, '2025-05-31 19:00:23', '2025-05-31 19:25:40', 1, NULL, NULL),
(25, 10, 3, 2222, 2222, 1, '64', 332457.00, 573239.00, 2, 1, '2025-05-31 19:50:59', '2025-05-31 20:27:07', 1, NULL, NULL),
(26, 16, 3, 2000, 2000, 1, '65', 220045.00, 400082.00, 2, 1, '2025-05-31 20:16:15', '2025-05-31 20:26:47', 1, NULL, NULL),
(27, 17, 3, 500, 500, 1, '65', 24332.00, 90197.00, 2, 2, '2025-05-31 20:30:30', '2025-05-31 20:34:40', 1, NULL, NULL),
(28, 18, 3, 500, 500, 1, '65', 24332.00, 90197.00, 2, 2, '2025-05-31 20:33:45', '2025-05-31 20:35:13', 1, NULL, NULL),
(29, 18, 3, 500, 500, 1, '65', 49608.00, 90197.00, 2, 2, '2025-05-31 20:35:13', '2025-05-31 20:35:13', 1, NULL, NULL),
(30, 19, 3, 500, 500, 1, '65', 49608.00, 90197.00, NULL, NULL, '2025-05-31 20:35:39', '2025-05-31 20:35:39', 1, NULL, NULL),
(31, 20, 2, 500, 500, 1, '64', 28032.00, 50968.00, NULL, NULL, '2025-05-31 20:44:52', '2025-05-31 20:44:52', 1, NULL, NULL),
(32, 21, 2, 600, 600, 1, '64', 35257.00, 64104.00, NULL, NULL, '2025-06-02 20:18:34', '2025-06-02 20:18:34', 1, NULL, NULL),
(33, 22, 2, 505, 500, 1, '64', 28032.00, 51568.00, NULL, NULL, '2025-06-02 20:31:15', '2025-06-03 01:08:54', 2, NULL, NULL),
(34, 22, 2, 1000, 1000, 1, '64', 80019.00, 145490.00, NULL, NULL, '2025-06-02 21:05:00', '2025-06-02 21:05:51', 24, NULL, NULL),
(35, 23, 2, 600, 600, 1, '64', 70514.00, 128208.00, NULL, NULL, '2025-06-02 21:22:40', '2025-06-02 21:22:40', 2, NULL, NULL),
(36, 23, 45, 500, 500, 1, '65', 41285.00, 75064.00, NULL, NULL, '2025-06-05 19:33:55', '2025-06-05 19:33:55', 1, NULL, NULL),
(37, 23, 3, 2000, 2000, 1, '65', 236499.00, 859997.00, 2, 2, '2025-06-05 20:22:05', '2025-06-05 20:59:09', 2, NULL, NULL),
(38, 24, 2, 500, 500, 1, '65', 24332.00, 44240.00, NULL, NULL, '2025-06-06 00:55:28', '2025-06-06 01:01:59', 1, 24332, 0),
(39, 24, 3, 2000, 2000, 1, '65', 236499.00, 429999.00, 2, 2, '2025-06-06 00:55:28', '2025-06-06 01:01:59', 1, 236499, 0),
(40, 24, 45, 500, 500, 1, '65', 169954.00, 309008.00, NULL, NULL, '2025-06-06 00:55:28', '2025-06-06 01:01:59', 2, 84977, 0),
(41, 25, 45, 500, 500, 1, '64', 135486.00, 246339.00, NULL, NULL, '2025-06-06 01:25:08', '2025-06-06 01:25:08', 3, NULL, NULL);